{
	"class_name" : "PinholeCameraParameters",
	"extrinsic" : 
	[
		-0.99780657242902338,
		0.010973551306223399,
		-0.065281124294654116,
		0.0,
		0.062909960698570078,
		0.46408837208550419,
		-0.88355210357959713,
		0.0,
		0.020600506361465168,
		-0.88572092899894628,
		-0.46376077353620038,
		0.0,
		-0.060737836326602367,
		0.31569015376840337,
		1.5436229554631427,
		1.0
	],
	"intrinsic" : 
	{
		"height" : 1200,
		"intrinsic_matrix" : 
		[
			1000,
			0.0,
			0.0,
			0.0,
			1000,
			0.0,
			600.0,
			600.0,
			1.0
		],
		"width" : 1200
	},
	"version_major" : 1,
	"version_minor" : 0
}