{
	"class_name" : "PinholeCameraParameters",
	"extrinsic" : 
	[
		-0.69955300173373747,
		0.36769111961148165,
		-0.6127224806747118,
		0.0,
		0.71398977192506985,
		0.39452546260710269,
		-0.57841876261151692,
		0.0,
		0.029055177709045726,
		-0.84211216587430127,
		-0.53851917025746543,
		0.0,
		-0.019730836947923436,
		0.23995210507978748,
		1.6474883441084813,
		1.0
	],
	"intrinsic" : 
	{
		"height" : 1115,
		"intrinsic_matrix" : 
		[
			965.61832521964914,
			0.0,
			0.0,
			0.0,
			965.61832521964914,
			0.0,
			1023.5,
			557.0,
			1.0
		],
		"width" : 2048
	},
	"version_major" : 1,
	"version_minor" : 0
}