{
	"class_name" : "PinholeCameraParameters",
	"extrinsic" : 
	[
		-0.99851309787766218,
		0.019576064116895338,
		-0.050876036406598768,
		0.0,
		0.052302835820559397,
		0.60706317405235399,
		-0.79293046105860321,
		0.0,
		0.015362510598270365,
		-0.79441241205256408,
		-0.60718441419798108,
		0.0,
		-0.044685708481946397,
		0.19675896689185346,
		1.8573411734033458,
		1.0
	],
	"intrinsic" : 
	{
		"height" : 1115,
		"intrinsic_matrix" : 
		[
			965.61832521964914,
			0.0,
			0.0,
			0.0,
			965.61832521964914,
			0.0,
			1023.5,
			557.0,
			1.0
		],
		"width" : 2048
	},
	"version_major" : 1,
	"version_minor" : 0
}